"split","video_name","source_video","source_label","target_video","target_label"
"train","drone__M0101","C:\Users\12559\Desktop\yolo\dataset_split\train\drone\M0101\M0101.mp4","C:\Users\12559\Desktop\yolo\json_flat\drone__M0101-new-yolo.json","C:\Users\12559\Desktop\yolo\data\videos\drone__M0101.mp4","C:\Users\12559\Desktop\yolo\data\labels\drone__M0101.json"
"high_risk","drone__M0201","C:\Users\12559\Desktop\yolo\dataset_split\high_risk\drone\M0201\M0201.mp4","C:\Users\12559\Desktop\yolo\json_flat\drone__M0201-new-yolo.json","C:\Users\12559\Desktop\yolo\data\videos\drone__M0201.mp4","C:\Users\12559\Desktop\yolo\data\labels\drone__M0201.json"
"train","drone__M0206","C:\Users\12559\Desktop\yolo\dataset_split\train\drone\M0206\M0206.mp4","C:\Users\12559\Desktop\yolo\json_flat\drone__M0206-new-yolo.json","C:\Users\12559\Desktop\yolo\data\videos\drone__M0206.mp4","C:\Users\12559\Desktop\yolo\data\labels\drone__M0206.json"
"eval","drone__M0207","C:\Users\12559\Desktop\yolo\dataset_split\eval\drone\M0207\M0207.mp4","C:\Users\12559\Desktop\yolo\json_flat\drone__M0207-new-yolo.json","C:\Users\12559\Desktop\yolo\data\videos\drone__M0207.mp4","C:\Users\12559\Desktop\yolo\data\labels\drone__M0207.json"
"train","drone__M0209","C:\Users\12559\Desktop\yolo\dataset_split\train\drone\M0209\M0209.mp4","C:\Users\12559\Desktop\yolo\json_flat\drone__M0209-new-yolo.json","C:\Users\12559\Desktop\yolo\data\videos\drone__M0209.mp4","C:\Users\12559\Desktop\yolo\data\labels\drone__M0209.json"
"train","drone__M0301","C:\Users\12559\Desktop\yolo\dataset_split\train\drone\M0301\M0301.mp4","C:\Users\12559\Desktop\yolo\json_flat\drone__M0301-new-yolo.json","C:\Users\12559\Desktop\yolo\data\videos\drone__M0301.mp4","C:\Users\12559\Desktop\yolo\data\labels\drone__M0301.json"
"train","drone__M0401","C:\Users\12559\Desktop\yolo\dataset_split\train\drone\M0401\M0401.mp4","C:\Users\12559\Desktop\yolo\json_flat\drone__M0401-new-yolo.json","C:\Users\12559\Desktop\yolo\data\videos\drone__M0401.mp4","C:\Users\12559\Desktop\yolo\data\labels\drone__M0401.json"
"train","drone__M0402","C:\Users\12559\Desktop\yolo\dataset_split\train\drone\M0402\M0402.mp4","C:\Users\12559\Desktop\yolo\json_flat\drone__M0402-new-yolo.json","C:\Users\12559\Desktop\yolo\data\videos\drone__M0402.mp4","C:\Users\12559\Desktop\yolo\data\labels\drone__M0402.json"
"train","drone__M0604","C:\Users\12559\Desktop\yolo\dataset_split\train\drone\M0604\M0604.mp4","C:\Users\12559\Desktop\yolo\json_flat\drone__M0604-new-yolo.json","C:\Users\12559\Desktop\yolo\data\videos\drone__M0604.mp4","C:\Users\12559\Desktop\yolo\data\labels\drone__M0604.json"
"eval","drone__M0605","C:\Users\12559\Desktop\yolo\dataset_split\eval\drone\M0605\M0605.mp4","C:\Users\12559\Desktop\yolo\json_flat\drone__M0605-new-yolo.json","C:\Users\12559\Desktop\yolo\data\videos\drone__M0605.mp4","C:\Users\12559\Desktop\yolo\data\labels\drone__M0605.json"
"eval","drone__M0606","C:\Users\12559\Desktop\yolo\dataset_split\eval\drone\M0606\M0606.mp4","C:\Users\12559\Desktop\yolo\json_flat\drone__M0606-new-yolo.json","C:\Users\12559\Desktop\yolo\data\videos\drone__M0606.mp4","C:\Users\12559\Desktop\yolo\data\labels\drone__M0606.json"
"high_risk","drone__M0704","C:\Users\12559\Desktop\yolo\dataset_split\high_risk\drone\M0704\M0704.mp4","C:\Users\12559\Desktop\yolo\json_flat\drone__M0704-new-yolo.json","C:\Users\12559\Desktop\yolo\data\videos\drone__M0704.mp4","C:\Users\12559\Desktop\yolo\data\labels\drone__M0704.json"
"train","drone__M0802","C:\Users\12559\Desktop\yolo\dataset_split\train\drone\M0802\M0802.mp4","C:\Users\12559\Desktop\yolo\json_flat\drone__M0802-new-yolo.json","C:\Users\12559\Desktop\yolo\data\videos\drone__M0802.mp4","C:\Users\12559\Desktop\yolo\data\labels\drone__M0802.json"
"high_risk","drone__M0902","C:\Users\12559\Desktop\yolo\dataset_split\high_risk\drone\M0902\M0902.mp4","C:\Users\12559\Desktop\yolo\json_flat\drone__M0902-new-yolo.json","C:\Users\12559\Desktop\yolo\data\videos\drone__M0902.mp4","C:\Users\12559\Desktop\yolo\data\labels\drone__M0902.json"
"train","drone__M1001","C:\Users\12559\Desktop\yolo\dataset_split\train\drone\M1001\M1001.mp4","C:\Users\12559\Desktop\yolo\json_flat\drone__M1001-new-yolo.json","C:\Users\12559\Desktop\yolo\data\videos\drone__M1001.mp4","C:\Users\12559\Desktop\yolo\data\labels\drone__M1001.json"
"train","drone__M1002","C:\Users\12559\Desktop\yolo\dataset_split\train\drone\M1002\M1002.mp4","C:\Users\12559\Desktop\yolo\json_flat\drone__M1002-new-yolo.json","C:\Users\12559\Desktop\yolo\data\videos\drone__M1002.mp4","C:\Users\12559\Desktop\yolo\data\labels\drone__M1002.json"
"train","drone__M1003","C:\Users\12559\Desktop\yolo\dataset_split\train\drone\M1003\M1003.mp4","C:\Users\12559\Desktop\yolo\json_flat\drone__M1003-new-yolo.json","C:\Users\12559\Desktop\yolo\data\videos\drone__M1003.mp4","C:\Users\12559\Desktop\yolo\data\labels\drone__M1003.json"
"high_risk","drone__M1004","C:\Users\12559\Desktop\yolo\dataset_split\high_risk\drone\M1004\M1004.mp4","C:\Users\12559\Desktop\yolo\json_flat\drone__M1004-new-yolo.json","C:\Users\12559\Desktop\yolo\data\videos\drone__M1004.mp4","C:\Users\12559\Desktop\yolo\data\labels\drone__M1004.json"
"train","drone__M1007","C:\Users\12559\Desktop\yolo\dataset_split\train\drone\M1007\M1007.mp4","C:\Users\12559\Desktop\yolo\json_flat\drone__M1007-new-yolo.json","C:\Users\12559\Desktop\yolo\data\videos\drone__M1007.mp4","C:\Users\12559\Desktop\yolo\data\labels\drone__M1007.json"
"train","drone__M1101","C:\Users\12559\Desktop\yolo\dataset_split\train\drone\M1101\M1101.mp4","C:\Users\12559\Desktop\yolo\json_flat\drone__M1101-new-yolo.json","C:\Users\12559\Desktop\yolo\data\videos\drone__M1101.mp4","C:\Users\12559\Desktop\yolo\data\labels\drone__M1101.json"
"train","drone__M1201","C:\Users\12559\Desktop\yolo\dataset_split\train\drone\M1201\M1201.mp4","C:\Users\12559\Desktop\yolo\json_flat\drone__M1201-new-yolo.json","C:\Users\12559\Desktop\yolo\data\videos\drone__M1201.mp4","C:\Users\12559\Desktop\yolo\data\labels\drone__M1201.json"
"train","drone__M1301","C:\Users\12559\Desktop\yolo\dataset_split\train\drone\M1301\M1301.mp4","C:\Users\12559\Desktop\yolo\json_flat\drone__M1301-new-yolo.json","C:\Users\12559\Desktop\yolo\data\videos\drone__M1301.mp4","C:\Users\12559\Desktop\yolo\data\labels\drone__M1301.json"
"train","drone__M1302","C:\Users\12559\Desktop\yolo\dataset_split\train\drone\M1302\M1302.mp4","C:\Users\12559\Desktop\yolo\json_flat\drone__M1302-new-yolo.json","C:\Users\12559\Desktop\yolo\data\videos\drone__M1302.mp4","C:\Users\12559\Desktop\yolo\data\labels\drone__M1302.json"
"train","drone__M1304","C:\Users\12559\Desktop\yolo\dataset_split\train\drone\M1304\M1304.mp4","C:\Users\12559\Desktop\yolo\json_flat\drone__M1304-new-yolo.json","C:\Users\12559\Desktop\yolo\data\videos\drone__M1304.mp4","C:\Users\12559\Desktop\yolo\data\labels\drone__M1304.json"
"train","drone__M1305","C:\Users\12559\Desktop\yolo\dataset_split\train\drone\M1305\M1305.mp4","C:\Users\12559\Desktop\yolo\json_flat\drone__M1305-new-yolo.json","C:\Users\12559\Desktop\yolo\data\videos\drone__M1305.mp4","C:\Users\12559\Desktop\yolo\data\labels\drone__M1305.json"
"train","drone__uav0000071_03240_v","C:\Users\12559\Desktop\yolo\dataset_split\train\drone\uav0000071_03240_v\uav0000071_03240_v.mp4","C:\Users\12559\Desktop\yolo\json_flat\drone__uav0000071_03240_v-new-yolo.json","C:\Users\12559\Desktop\yolo\data\videos\drone__uav0000071_03240_v.mp4","C:\Users\12559\Desktop\yolo\data\labels\drone__uav0000071_03240_v.json"
"high_risk","drone__uav0000140_01590_v","C:\Users\12559\Desktop\yolo\dataset_split\high_risk\drone\uav0000140_01590_v\uav0000140_01590_v.mp4","C:\Users\12559\Desktop\yolo\json_flat\drone__uav0000140_01590_v-new-yolo.json","C:\Users\12559\Desktop\yolo\data\videos\drone__uav0000140_01590_v.mp4","C:\Users\12559\Desktop\yolo\data\labels\drone__uav0000140_01590_v.json"
"train","drone__uav0000143_02250_v","C:\Users\12559\Desktop\yolo\dataset_split\train\drone\uav0000143_02250_v\uav0000143_02250_v.mp4","C:\Users\12559\Desktop\yolo\json_flat\drone__uav0000143_02250_v-new-yolo.json","C:\Users\12559\Desktop\yolo\data\videos\drone__uav0000143_02250_v.mp4","C:\Users\12559\Desktop\yolo\data\labels\drone__uav0000143_02250_v.json"
"train","drone__uav0000182_00000_v","C:\Users\12559\Desktop\yolo\dataset_split\train\drone\uav0000182_00000_v\uav0000182_00000_v.mp4","C:\Users\12559\Desktop\yolo\json_flat\drone__uav0000182_00000_v-new-yolo.json","C:\Users\12559\Desktop\yolo\data\videos\drone__uav0000182_00000_v.mp4","C:\Users\12559\Desktop\yolo\data\labels\drone__uav0000182_00000_v.json"
"train","drone__uav0000239_03720_v","C:\Users\12559\Desktop\yolo\dataset_split\train\drone\uav0000239_03720_v\uav0000239_03720_v.mp4","C:\Users\12559\Desktop\yolo\json_flat\drone__uav0000239_03720_v-new-yolo.json","C:\Users\12559\Desktop\yolo\data\videos\drone__uav0000239_03720_v.mp4","C:\Users\12559\Desktop\yolo\data\labels\drone__uav0000239_03720_v.json"
"train","drone__uav0000239_12336_v","C:\Users\12559\Desktop\yolo\dataset_split\train\drone\uav0000239_12336_v\uav0000239_12336_v.mp4","C:\Users\12559\Desktop\yolo\json_flat\drone__uav0000239_12336_v-new-yolo.json","C:\Users\12559\Desktop\yolo\data\videos\drone__uav0000239_12336_v.mp4","C:\Users\12559\Desktop\yolo\data\labels\drone__uav0000239_12336_v.json"
"train","drone__uav0000243_00001_v","C:\Users\12559\Desktop\yolo\dataset_split\train\drone\uav0000243_00001_v\uav0000243_00001_v.mp4","C:\Users\12559\Desktop\yolo\json_flat\drone__uav0000243_00001_v-new-yolo.json","C:\Users\12559\Desktop\yolo\data\videos\drone__uav0000243_00001_v.mp4","C:\Users\12559\Desktop\yolo\data\labels\drone__uav0000243_00001_v.json"
"train","drone__uav0000244_01440_v","C:\Users\12559\Desktop\yolo\dataset_split\train\drone\uav0000244_01440_v\uav0000244_01440_v.mp4","C:\Users\12559\Desktop\yolo\json_flat\drone__uav0000244_01440_v-new-yolo.json","C:\Users\12559\Desktop\yolo\data\videos\drone__uav0000244_01440_v.mp4","C:\Users\12559\Desktop\yolo\data\labels\drone__uav0000244_01440_v.json"
"train","drone__uav0000263_03289_v","C:\Users\12559\Desktop\yolo\dataset_split\train\drone\uav0000263_03289_v\uav0000263_03289_v.mp4","C:\Users\12559\Desktop\yolo\json_flat\drone__uav0000263_03289_v-new-yolo.json","C:\Users\12559\Desktop\yolo\data\videos\drone__uav0000263_03289_v.mp4","C:\Users\12559\Desktop\yolo\data\labels\drone__uav0000263_03289_v.json"
"train","drone__uav0000264_02760_v","C:\Users\12559\Desktop\yolo\dataset_split\train\drone\uav0000264_02760_v\uav0000264_02760_v.mp4","C:\Users\12559\Desktop\yolo\json_flat\drone__uav0000264_02760_v-new-yolo.json","C:\Users\12559\Desktop\yolo\data\videos\drone__uav0000264_02760_v.mp4","C:\Users\12559\Desktop\yolo\data\labels\drone__uav0000264_02760_v.json"
"train","drone__uav0000278_00001_v","C:\Users\12559\Desktop\yolo\dataset_split\train\drone\uav0000278_00001_v\uav0000278_00001_v.mp4","C:\Users\12559\Desktop\yolo\json_flat\drone__uav0000278_00001_v-new-yolo.json","C:\Users\12559\Desktop\yolo\data\videos\drone__uav0000278_00001_v.mp4","C:\Users\12559\Desktop\yolo\data\labels\drone__uav0000278_00001_v.json"
"train","drone__uav0000279_00001_v","C:\Users\12559\Desktop\yolo\dataset_split\train\drone\uav0000279_00001_v\uav0000279_00001_v.mp4","C:\Users\12559\Desktop\yolo\json_flat\drone__uav0000279_00001_v-new-yolo.json","C:\Users\12559\Desktop\yolo\data\videos\drone__uav0000279_00001_v.mp4","C:\Users\12559\Desktop\yolo\data\labels\drone__uav0000279_00001_v.json"
"train","drone__uav0000289_00001_v","C:\Users\12559\Desktop\yolo\dataset_split\train\drone\uav0000289_00001_v\uav0000289_00001_v.mp4","C:\Users\12559\Desktop\yolo\json_flat\drone__uav0000289_00001_v-new-yolo.json","C:\Users\12559\Desktop\yolo\data\videos\drone__uav0000289_00001_v.mp4","C:\Users\12559\Desktop\yolo\data\labels\drone__uav0000289_00001_v.json"
"train","drone__uav0000295_02300_v","C:\Users\12559\Desktop\yolo\dataset_split\train\drone\uav0000295_02300_v\uav0000295_02300_v.mp4","C:\Users\12559\Desktop\yolo\json_flat\drone__uav0000295_02300_v-new-yolo.json","C:\Users\12559\Desktop\yolo\data\videos\drone__uav0000295_02300_v.mp4","C:\Users\12559\Desktop\yolo\data\labels\drone__uav0000295_02300_v.json"
"train","drone__uav0000309_00000_v","C:\Users\12559\Desktop\yolo\dataset_split\train\drone\uav0000309_00000_v\uav0000309_00000_v.mp4","C:\Users\12559\Desktop\yolo\json_flat\drone__uav0000309_00000_v-new-yolo.json","C:\Users\12559\Desktop\yolo\data\videos\drone__uav0000309_00000_v.mp4","C:\Users\12559\Desktop\yolo\data\labels\drone__uav0000309_00000_v.json"
"train","drone__uav0000315_00000_v","C:\Users\12559\Desktop\yolo\dataset_split\train\drone\uav0000315_00000_v\uav0000315_00000_v.mp4","C:\Users\12559\Desktop\yolo\json_flat\drone__uav0000315_00000_v-new-yolo.json","C:\Users\12559\Desktop\yolo\data\videos\drone__uav0000315_00000_v.mp4","C:\Users\12559\Desktop\yolo\data\labels\drone__uav0000315_00000_v.json"
"train","drone__uav0000342_04692_v","C:\Users\12559\Desktop\yolo\dataset_split\train\drone\uav0000342_04692_v\uav0000342_04692_v.mp4","C:\Users\12559\Desktop\yolo\json_flat\drone__uav0000342_04692_v-new-yolo.json","C:\Users\12559\Desktop\yolo\data\videos\drone__uav0000342_04692_v.mp4","C:\Users\12559\Desktop\yolo\data\labels\drone__uav0000342_04692_v.json"
"train","drone__uav0000352_05980_v","C:\Users\12559\Desktop\yolo\dataset_split\train\drone\uav0000352_05980_v\uav0000352_05980_v.mp4","C:\Users\12559\Desktop\yolo\json_flat\drone__uav0000352_05980_v-new-yolo.json","C:\Users\12559\Desktop\yolo\data\videos\drone__uav0000352_05980_v.mp4","C:\Users\12559\Desktop\yolo\data\labels\drone__uav0000352_05980_v.json"
"train","drone__uav0000360_00001_v","C:\Users\12559\Desktop\yolo\dataset_split\train\drone\uav0000360_00001_v\uav0000360_00001_v.mp4","C:\Users\12559\Desktop\yolo\json_flat\drone__uav0000360_00001_v-new-yolo.json","C:\Users\12559\Desktop\yolo\data\videos\drone__uav0000360_00001_v.mp4","C:\Users\12559\Desktop\yolo\data\labels\drone__uav0000360_00001_v.json"
"eval","static__MVI_20011","C:\Users\12559\Desktop\yolo\dataset_split\eval\static\MVI_20011\MVI_20011.mp4","C:\Users\12559\Desktop\yolo\json_flat\static__MVI_20011-new-yolo.json","C:\Users\12559\Desktop\yolo\data\videos\static__MVI_20011.mp4","C:\Users\12559\Desktop\yolo\data\labels\static__MVI_20011.json"
"eval","static__MVI_20012","C:\Users\12559\Desktop\yolo\dataset_split\eval\static\MVI_20012\MVI_20012.mp4","C:\Users\12559\Desktop\yolo\json_flat\static__MVI_20012-new-yolo.json","C:\Users\12559\Desktop\yolo\data\videos\static__MVI_20012.mp4","C:\Users\12559\Desktop\yolo\data\labels\static__MVI_20012.json"
"eval","static__MVI_20032","C:\Users\12559\Desktop\yolo\dataset_split\eval\static\MVI_20032\MVI_20032.mp4","C:\Users\12559\Desktop\yolo\json_flat\static__MVI_20032-new-yolo.json","C:\Users\12559\Desktop\yolo\data\videos\static__MVI_20032.mp4","C:\Users\12559\Desktop\yolo\data\labels\static__MVI_20032.json"
"train","static__MVI_20033","C:\Users\12559\Desktop\yolo\dataset_split\train\static\MVI_20033\MVI_20033.mp4","C:\Users\12559\Desktop\yolo\json_flat\static__MVI_20033-new-yolo.json","C:\Users\12559\Desktop\yolo\data\videos\static__MVI_20033.mp4","C:\Users\12559\Desktop\yolo\data\labels\static__MVI_20033.json"
"eval","static__MVI_20034","C:\Users\12559\Desktop\yolo\dataset_split\eval\static\MVI_20034\MVI_20034.mp4","C:\Users\12559\Desktop\yolo\json_flat\static__MVI_20034-new-yolo.json","C:\Users\12559\Desktop\yolo\data\videos\static__MVI_20034.mp4","C:\Users\12559\Desktop\yolo\data\labels\static__MVI_20034.json"
"train","static__MVI_20035","C:\Users\12559\Desktop\yolo\dataset_split\train\static\MVI_20035\MVI_20035.mp4","C:\Users\12559\Desktop\yolo\json_flat\static__MVI_20035-new-yolo.json","C:\Users\12559\Desktop\yolo\data\videos\static__MVI_20035.mp4","C:\Users\12559\Desktop\yolo\data\labels\static__MVI_20035.json"
"eval","static__MVI_20051","C:\Users\12559\Desktop\yolo\dataset_split\eval\static\MVI_20051\MVI_20051.mp4","C:\Users\12559\Desktop\yolo\json_flat\static__MVI_20051-new-yolo.json","C:\Users\12559\Desktop\yolo\data\videos\static__MVI_20051.mp4","C:\Users\12559\Desktop\yolo\data\labels\static__MVI_20051.json"
"eval","static__MVI_20052","C:\Users\12559\Desktop\yolo\dataset_split\eval\static\MVI_20052\MVI_20052.mp4","C:\Users\12559\Desktop\yolo\json_flat\static__MVI_20052-new-yolo.json","C:\Users\12559\Desktop\yolo\data\videos\static__MVI_20052.mp4","C:\Users\12559\Desktop\yolo\data\labels\static__MVI_20052.json"
"train","static__MVI_20061","C:\Users\12559\Desktop\yolo\dataset_split\train\static\MVI_20061\MVI_20061.mp4","C:\Users\12559\Desktop\yolo\json_flat\static__MVI_20061-new-yolo.json","C:\Users\12559\Desktop\yolo\data\videos\static__MVI_20061.mp4","C:\Users\12559\Desktop\yolo\data\labels\static__MVI_20061.json"
"train","static__MVI_20062","C:\Users\12559\Desktop\yolo\dataset_split\train\static\MVI_20062\MVI_20062.mp4","C:\Users\12559\Desktop\yolo\json_flat\static__MVI_20062-new-yolo.json","C:\Users\12559\Desktop\yolo\data\videos\static__MVI_20062.mp4","C:\Users\12559\Desktop\yolo\data\labels\static__MVI_20062.json"
"train","static__MVI_20063","C:\Users\12559\Desktop\yolo\dataset_split\train\static\MVI_20063\MVI_20063.mp4","C:\Users\12559\Desktop\yolo\json_flat\static__MVI_20063-new-yolo.json","C:\Users\12559\Desktop\yolo\data\videos\static__MVI_20063.mp4","C:\Users\12559\Desktop\yolo\data\labels\static__MVI_20063.json"
"train","static__MVI_20064","C:\Users\12559\Desktop\yolo\dataset_split\train\static\MVI_20064\MVI_20064.mp4","C:\Users\12559\Desktop\yolo\json_flat\static__MVI_20064-new-yolo.json","C:\Users\12559\Desktop\yolo\data\videos\static__MVI_20064.mp4","C:\Users\12559\Desktop\yolo\data\labels\static__MVI_20064.json"
"eval","static__MVI_20065","C:\Users\12559\Desktop\yolo\dataset_split\eval\static\MVI_20065\MVI_20065.mp4","C:\Users\12559\Desktop\yolo\json_flat\static__MVI_20065-new-yolo.json","C:\Users\12559\Desktop\yolo\data\videos\static__MVI_20065.mp4","C:\Users\12559\Desktop\yolo\data\labels\static__MVI_20065.json"
"eval","static__MVI_39031","C:\Users\12559\Desktop\yolo\dataset_split\eval\static\MVI_39031\MVI_39031.mp4","C:\Users\12559\Desktop\yolo\json_flat\static__MVI_39031-new-yolo.json","C:\Users\12559\Desktop\yolo\data\videos\static__MVI_39031.mp4","C:\Users\12559\Desktop\yolo\data\labels\static__MVI_39031.json"
"train","static__MVI_39051","C:\Users\12559\Desktop\yolo\dataset_split\train\static\MVI_39051\MVI_39051.mp4","C:\Users\12559\Desktop\yolo\json_flat\static__MVI_39051-new-yolo.json","C:\Users\12559\Desktop\yolo\data\videos\static__MVI_39051.mp4","C:\Users\12559\Desktop\yolo\data\labels\static__MVI_39051.json"
"train","static__MVI_39211","C:\Users\12559\Desktop\yolo\dataset_split\train\static\MVI_39211\MVI_39211.mp4","C:\Users\12559\Desktop\yolo\json_flat\static__MVI_39211-new-yolo.json","C:\Users\12559\Desktop\yolo\data\videos\static__MVI_39211.mp4","C:\Users\12559\Desktop\yolo\data\labels\static__MVI_39211.json"
"high_risk","static__MVI_39271","C:\Users\12559\Desktop\yolo\dataset_split\high_risk\static\MVI_39271\MVI_39271.mp4","C:\Users\12559\Desktop\yolo\json_flat\static__MVI_39271-new-yolo.json","C:\Users\12559\Desktop\yolo\data\videos\static__MVI_39271.mp4","C:\Users\12559\Desktop\yolo\data\labels\static__MVI_39271.json"
"train","static__MVI_39311","C:\Users\12559\Desktop\yolo\dataset_split\train\static\MVI_39311\MVI_39311.mp4","C:\Users\12559\Desktop\yolo\json_flat\static__MVI_39311-new-yolo.json","C:\Users\12559\Desktop\yolo\data\videos\static__MVI_39311.mp4","C:\Users\12559\Desktop\yolo\data\labels\static__MVI_39311.json"
"train","static__MVI_39371","C:\Users\12559\Desktop\yolo\dataset_split\train\static\MVI_39371\MVI_39371.mp4","C:\Users\12559\Desktop\yolo\json_flat\static__MVI_39371-new-yolo.json","C:\Users\12559\Desktop\yolo\data\videos\static__MVI_39371.mp4","C:\Users\12559\Desktop\yolo\data\labels\static__MVI_39371.json"
"train","static__MVI_39401","C:\Users\12559\Desktop\yolo\dataset_split\train\static\MVI_39401\MVI_39401.mp4","C:\Users\12559\Desktop\yolo\json_flat\static__MVI_39401-new-yolo.json","C:\Users\12559\Desktop\yolo\data\videos\static__MVI_39401.mp4","C:\Users\12559\Desktop\yolo\data\labels\static__MVI_39401.json"
"train","static__MVI_39501","C:\Users\12559\Desktop\yolo\dataset_split\train\static\MVI_39501\MVI_39501.mp4","C:\Users\12559\Desktop\yolo\json_flat\static__MVI_39501-new-yolo.json","C:\Users\12559\Desktop\yolo\data\videos\static__MVI_39501.mp4","C:\Users\12559\Desktop\yolo\data\labels\static__MVI_39501.json"
"train","static__MVI_39511","C:\Users\12559\Desktop\yolo\dataset_split\train\static\MVI_39511\MVI_39511.mp4","C:\Users\12559\Desktop\yolo\json_flat\static__MVI_39511-new-yolo.json","C:\Users\12559\Desktop\yolo\data\videos\static__MVI_39511.mp4","C:\Users\12559\Desktop\yolo\data\labels\static__MVI_39511.json"
"train","static__MVI_39761","C:\Users\12559\Desktop\yolo\dataset_split\train\static\MVI_39761\MVI_39761.mp4","C:\Users\12559\Desktop\yolo\json_flat\static__MVI_39761-new-yolo.json","C:\Users\12559\Desktop\yolo\data\videos\static__MVI_39761.mp4","C:\Users\12559\Desktop\yolo\data\labels\static__MVI_39761.json"
"train","static__MVI_39771","C:\Users\12559\Desktop\yolo\dataset_split\train\static\MVI_39771\MVI_39771.mp4","C:\Users\12559\Desktop\yolo\json_flat\static__MVI_39771-new-yolo.json","C:\Users\12559\Desktop\yolo\data\videos\static__MVI_39771.mp4","C:\Users\12559\Desktop\yolo\data\labels\static__MVI_39771.json"
"train","static__MVI_39801","C:\Users\12559\Desktop\yolo\dataset_split\train\static\MVI_39801\MVI_39801.mp4","C:\Users\12559\Desktop\yolo\json_flat\static__MVI_39801-new-yolo.json","C:\Users\12559\Desktop\yolo\data\videos\static__MVI_39801.mp4","C:\Users\12559\Desktop\yolo\data\labels\static__MVI_39801.json"
"train","static__MVI_39811","C:\Users\12559\Desktop\yolo\dataset_split\train\static\MVI_39811\MVI_39811.mp4","C:\Users\12559\Desktop\yolo\json_flat\static__MVI_39811-new-yolo.json","C:\Users\12559\Desktop\yolo\data\videos\static__MVI_39811.mp4","C:\Users\12559\Desktop\yolo\data\labels\static__MVI_39811.json"
"train","static__MVI_39821","C:\Users\12559\Desktop\yolo\dataset_split\train\static\MVI_39821\MVI_39821.mp4","C:\Users\12559\Desktop\yolo\json_flat\static__MVI_39821-new-yolo.json","C:\Users\12559\Desktop\yolo\data\videos\static__MVI_39821.mp4","C:\Users\12559\Desktop\yolo\data\labels\static__MVI_39821.json"
"train","static__MVI_39851","C:\Users\12559\Desktop\yolo\dataset_split\train\static\MVI_39851\MVI_39851.mp4","C:\Users\12559\Desktop\yolo\json_flat\static__MVI_39851-new-yolo.json","C:\Users\12559\Desktop\yolo\data\videos\static__MVI_39851.mp4","C:\Users\12559\Desktop\yolo\data\labels\static__MVI_39851.json"
"train","static__MVI_39861","C:\Users\12559\Desktop\yolo\dataset_split\train\static\MVI_39861\MVI_39861.mp4","C:\Users\12559\Desktop\yolo\json_flat\static__MVI_39861-new-yolo.json","C:\Users\12559\Desktop\yolo\data\videos\static__MVI_39861.mp4","C:\Users\12559\Desktop\yolo\data\labels\static__MVI_39861.json"
"train","static__MVI_39931","C:\Users\12559\Desktop\yolo\dataset_split\train\static\MVI_39931\MVI_39931.mp4","C:\Users\12559\Desktop\yolo\json_flat\static__MVI_39931-new-yolo.json","C:\Users\12559\Desktop\yolo\data\videos\static__MVI_39931.mp4","C:\Users\12559\Desktop\yolo\data\labels\static__MVI_39931.json"
"train","static__MVI_40131","C:\Users\12559\Desktop\yolo\dataset_split\train\static\MVI_40131\MVI_40131.mp4","C:\Users\12559\Desktop\yolo\json_flat\static__MVI_40131-new-yolo.json","C:\Users\12559\Desktop\yolo\data\videos\static__MVI_40131.mp4","C:\Users\12559\Desktop\yolo\data\labels\static__MVI_40131.json"
"train","static__MVI_40141","C:\Users\12559\Desktop\yolo\dataset_split\train\static\MVI_40141\MVI_40141.mp4","C:\Users\12559\Desktop\yolo\json_flat\static__MVI_40141-new-yolo.json","C:\Users\12559\Desktop\yolo\data\videos\static__MVI_40141.mp4","C:\Users\12559\Desktop\yolo\data\labels\static__MVI_40141.json"
"train","static__MVI_40152","C:\Users\12559\Desktop\yolo\dataset_split\train\static\MVI_40152\MVI_40152.mp4","C:\Users\12559\Desktop\yolo\json_flat\static__MVI_40152-new-yolo.json","C:\Users\12559\Desktop\yolo\data\videos\static__MVI_40152.mp4","C:\Users\12559\Desktop\yolo\data\labels\static__MVI_40152.json"
"train","static__MVI_40161","C:\Users\12559\Desktop\yolo\dataset_split\train\static\MVI_40161\MVI_40161.mp4","C:\Users\12559\Desktop\yolo\json_flat\static__MVI_40161-new-yolo.json","C:\Users\12559\Desktop\yolo\data\videos\static__MVI_40161.mp4","C:\Users\12559\Desktop\yolo\data\labels\static__MVI_40161.json"
"train","static__MVI_40162","C:\Users\12559\Desktop\yolo\dataset_split\train\static\MVI_40162\MVI_40162.mp4","C:\Users\12559\Desktop\yolo\json_flat\static__MVI_40162-new-yolo.json","C:\Users\12559\Desktop\yolo\data\videos\static__MVI_40162.mp4","C:\Users\12559\Desktop\yolo\data\labels\static__MVI_40162.json"
"train","static__MVI_40171","C:\Users\12559\Desktop\yolo\dataset_split\train\static\MVI_40171\MVI_40171.mp4","C:\Users\12559\Desktop\yolo\json_flat\static__MVI_40171-new-yolo.json","C:\Users\12559\Desktop\yolo\data\videos\static__MVI_40171.mp4","C:\Users\12559\Desktop\yolo\data\labels\static__MVI_40171.json"
"train","static__MVI_40181","C:\Users\12559\Desktop\yolo\dataset_split\train\static\MVI_40181\MVI_40181.mp4","C:\Users\12559\Desktop\yolo\json_flat\static__MVI_40181-new-yolo.json","C:\Users\12559\Desktop\yolo\data\videos\static__MVI_40181.mp4","C:\Users\12559\Desktop\yolo\data\labels\static__MVI_40181.json"
"train","static__MVI_40201","C:\Users\12559\Desktop\yolo\dataset_split\train\static\MVI_40201\MVI_40201.mp4","C:\Users\12559\Desktop\yolo\json_flat\static__MVI_40201-new-yolo.json","C:\Users\12559\Desktop\yolo\data\videos\static__MVI_40201.mp4","C:\Users\12559\Desktop\yolo\data\labels\static__MVI_40201.json"
"train","static__MVI_40204","C:\Users\12559\Desktop\yolo\dataset_split\train\static\MVI_40204\MVI_40204.mp4","C:\Users\12559\Desktop\yolo\json_flat\static__MVI_40204-new-yolo.json","C:\Users\12559\Desktop\yolo\data\videos\static__MVI_40204.mp4","C:\Users\12559\Desktop\yolo\data\labels\static__MVI_40204.json"
"train","static__MVI_40212","C:\Users\12559\Desktop\yolo\dataset_split\train\static\MVI_40212\MVI_40212.mp4","C:\Users\12559\Desktop\yolo\json_flat\static__MVI_40212-new-yolo.json","C:\Users\12559\Desktop\yolo\data\videos\static__MVI_40212.mp4","C:\Users\12559\Desktop\yolo\data\labels\static__MVI_40212.json"
"train","static__MVI_40243","C:\Users\12559\Desktop\yolo\dataset_split\train\static\MVI_40243\MVI_40243.mp4","C:\Users\12559\Desktop\yolo\json_flat\static__MVI_40243-new-yolo.json","C:\Users\12559\Desktop\yolo\data\videos\static__MVI_40243.mp4","C:\Users\12559\Desktop\yolo\data\labels\static__MVI_40243.json"
"train","static__MVI_40244","C:\Users\12559\Desktop\yolo\dataset_split\train\static\MVI_40244\MVI_40244.mp4","C:\Users\12559\Desktop\yolo\json_flat\static__MVI_40244-new-yolo.json","C:\Users\12559\Desktop\yolo\data\videos\static__MVI_40244.mp4","C:\Users\12559\Desktop\yolo\data\labels\static__MVI_40244.json"
"train","static__MVI_40701","C:\Users\12559\Desktop\yolo\dataset_split\train\static\MVI_40701\MVI_40701.mp4","C:\Users\12559\Desktop\yolo\json_flat\static__MVI_40701-new-yolo.json","C:\Users\12559\Desktop\yolo\data\videos\static__MVI_40701.mp4","C:\Users\12559\Desktop\yolo\data\labels\static__MVI_40701.json"
"train","static__MVI_40711","C:\Users\12559\Desktop\yolo\dataset_split\train\static\MVI_40711\MVI_40711.mp4","C:\Users\12559\Desktop\yolo\json_flat\static__MVI_40711-new-yolo.json","C:\Users\12559\Desktop\yolo\data\videos\static__MVI_40711.mp4","C:\Users\12559\Desktop\yolo\data\labels\static__MVI_40711.json"
"train","static__MVI_40714","C:\Users\12559\Desktop\yolo\dataset_split\train\static\MVI_40714\MVI_40714.mp4","C:\Users\12559\Desktop\yolo\json_flat\static__MVI_40714-new-yolo.json","C:\Users\12559\Desktop\yolo\data\videos\static__MVI_40714.mp4","C:\Users\12559\Desktop\yolo\data\labels\static__MVI_40714.json"
"train","static__MVI_40742","C:\Users\12559\Desktop\yolo\dataset_split\train\static\MVI_40742\MVI_40742.mp4","C:\Users\12559\Desktop\yolo\json_flat\static__MVI_40742-new-yolo.json","C:\Users\12559\Desktop\yolo\data\videos\static__MVI_40742.mp4","C:\Users\12559\Desktop\yolo\data\labels\static__MVI_40742.json"
"train","static__MVI_40743","C:\Users\12559\Desktop\yolo\dataset_split\train\static\MVI_40743\MVI_40743.mp4","C:\Users\12559\Desktop\yolo\json_flat\static__MVI_40743-new-yolo.json","C:\Users\12559\Desktop\yolo\data\videos\static__MVI_40743.mp4","C:\Users\12559\Desktop\yolo\data\labels\static__MVI_40743.json"
"train","static__MVI_40751","C:\Users\12559\Desktop\yolo\dataset_split\train\static\MVI_40751\MVI_40751.mp4","C:\Users\12559\Desktop\yolo\json_flat\static__MVI_40751-new-yolo.json","C:\Users\12559\Desktop\yolo\data\videos\static__MVI_40751.mp4","C:\Users\12559\Desktop\yolo\data\labels\static__MVI_40751.json"
"train","static__MVI_40763","C:\Users\12559\Desktop\yolo\dataset_split\train\static\MVI_40763\MVI_40763.mp4","C:\Users\12559\Desktop\yolo\json_flat\static__MVI_40763-new-yolo.json","C:\Users\12559\Desktop\yolo\data\videos\static__MVI_40763.mp4","C:\Users\12559\Desktop\yolo\data\labels\static__MVI_40763.json"
"train","static__MVI_40771","C:\Users\12559\Desktop\yolo\dataset_split\train\static\MVI_40771\MVI_40771.mp4","C:\Users\12559\Desktop\yolo\json_flat\static__MVI_40771-new-yolo.json","C:\Users\12559\Desktop\yolo\data\videos\static__MVI_40771.mp4","C:\Users\12559\Desktop\yolo\data\labels\static__MVI_40771.json"
"train","static__MVI_40772","C:\Users\12559\Desktop\yolo\dataset_split\train\static\MVI_40772\MVI_40772.mp4","C:\Users\12559\Desktop\yolo\json_flat\static__MVI_40772-new-yolo.json","C:\Users\12559\Desktop\yolo\data\videos\static__MVI_40772.mp4","C:\Users\12559\Desktop\yolo\data\labels\static__MVI_40772.json"
"train","static__MVI_40773","C:\Users\12559\Desktop\yolo\dataset_split\train\static\MVI_40773\MVI_40773.mp4","C:\Users\12559\Desktop\yolo\json_flat\static__MVI_40773-new-yolo.json","C:\Users\12559\Desktop\yolo\data\videos\static__MVI_40773.mp4","C:\Users\12559\Desktop\yolo\data\labels\static__MVI_40773.json"
"train","static__MVI_40774","C:\Users\12559\Desktop\yolo\dataset_split\train\static\MVI_40774\MVI_40774.mp4","C:\Users\12559\Desktop\yolo\json_flat\static__MVI_40774-new-yolo.json","C:\Users\12559\Desktop\yolo\data\videos\static__MVI_40774.mp4","C:\Users\12559\Desktop\yolo\data\labels\static__MVI_40774.json"
"train","static__MVI_40775","C:\Users\12559\Desktop\yolo\dataset_split\train\static\MVI_40775\MVI_40775.mp4","C:\Users\12559\Desktop\yolo\json_flat\static__MVI_40775-new-yolo.json","C:\Users\12559\Desktop\yolo\data\videos\static__MVI_40775.mp4","C:\Users\12559\Desktop\yolo\data\labels\static__MVI_40775.json"
"train","static__MVI_40851","C:\Users\12559\Desktop\yolo\dataset_split\train\static\MVI_40851\MVI_40851.mp4","C:\Users\12559\Desktop\yolo\json_flat\static__MVI_40851-new-yolo.json","C:\Users\12559\Desktop\yolo\data\videos\static__MVI_40851.mp4","C:\Users\12559\Desktop\yolo\data\labels\static__MVI_40851.json"
"train","static__MVI_40852","C:\Users\12559\Desktop\yolo\dataset_split\train\static\MVI_40852\MVI_40852.mp4","C:\Users\12559\Desktop\yolo\json_flat\static__MVI_40852-new-yolo.json","C:\Users\12559\Desktop\yolo\data\videos\static__MVI_40852.mp4","C:\Users\12559\Desktop\yolo\data\labels\static__MVI_40852.json"
"train","static__MVI_40853","C:\Users\12559\Desktop\yolo\dataset_split\train\static\MVI_40853\MVI_40853.mp4","C:\Users\12559\Desktop\yolo\json_flat\static__MVI_40853-new-yolo.json","C:\Users\12559\Desktop\yolo\data\videos\static__MVI_40853.mp4","C:\Users\12559\Desktop\yolo\data\labels\static__MVI_40853.json"
"train","static__MVI_40854","C:\Users\12559\Desktop\yolo\dataset_split\train\static\MVI_40854\MVI_40854.mp4","C:\Users\12559\Desktop\yolo\json_flat\static__MVI_40854-new-yolo.json","C:\Users\12559\Desktop\yolo\data\videos\static__MVI_40854.mp4","C:\Users\12559\Desktop\yolo\data\labels\static__MVI_40854.json"
"high_risk","static__MVI_40855","C:\Users\12559\Desktop\yolo\dataset_split\high_risk\static\MVI_40855\MVI_40855.mp4","C:\Users\12559\Desktop\yolo\json_flat\static__MVI_40855-new-yolo.json","C:\Users\12559\Desktop\yolo\data\videos\static__MVI_40855.mp4","C:\Users\12559\Desktop\yolo\data\labels\static__MVI_40855.json"
"train","static__MVI_40863","C:\Users\12559\Desktop\yolo\dataset_split\train\static\MVI_40863\MVI_40863.mp4","C:\Users\12559\Desktop\yolo\json_flat\static__MVI_40863-new-yolo.json","C:\Users\12559\Desktop\yolo\data\videos\static__MVI_40863.mp4","C:\Users\12559\Desktop\yolo\data\labels\static__MVI_40863.json"
"train","static__MVI_40864","C:\Users\12559\Desktop\yolo\dataset_split\train\static\MVI_40864\MVI_40864.mp4","C:\Users\12559\Desktop\yolo\json_flat\static__MVI_40864-new-yolo.json","C:\Users\12559\Desktop\yolo\data\videos\static__MVI_40864.mp4","C:\Users\12559\Desktop\yolo\data\labels\static__MVI_40864.json"
"high_risk","static__MVI_40871","C:\Users\12559\Desktop\yolo\dataset_split\high_risk\static\MVI_40871\MVI_40871.mp4","C:\Users\12559\Desktop\yolo\json_flat\static__MVI_40871-new-yolo.json","C:\Users\12559\Desktop\yolo\data\videos\static__MVI_40871.mp4","C:\Users\12559\Desktop\yolo\data\labels\static__MVI_40871.json"
"train","static__MVI_40891","C:\Users\12559\Desktop\yolo\dataset_split\train\static\MVI_40891\MVI_40891.mp4","C:\Users\12559\Desktop\yolo\json_flat\static__MVI_40891-new-yolo.json","C:\Users\12559\Desktop\yolo\data\videos\static__MVI_40891.mp4","C:\Users\12559\Desktop\yolo\data\labels\static__MVI_40891.json"
